age,study_hours,screen_time,caffeine_intake,physical_activity,weekday_sleep_start,weekend_sleep_start,weekday_sleep_end,weekend_sleep_end,gender_female,gender_male,gender_other,university_year_1st_Year,university_year_2nd_Year,university_year_3rd_Year,university_year_4th_Year
0.7142857142857144,0.18487394957983191,0.2,0.4,0.9833333333333333,0.803357314148681,0.10426065162907269,0.557788944723618,0.8664987405541564,0,1,0,0,0,1,0
0.1428571428571428,0.6638655462184874,0.5666666666666667,0.0,0.7666666666666666,0.9779376498800958,0.2711779448621554,0.7889447236180906,0.09068010075566746,1,0,0,1,0,0,0
0.4285714285714288,0.47899159663865537,0.23333333333333334,0.8,0.5916666666666667,0.7707434052757792,0.7117794486215541,0.7035175879396984,0.8564231738035264,0,1,0,1,0,0,0
0.2857142857142856,0.9243697478991596,0.6666666666666667,0.8,0.25,0.05563549160671463,0.874185463659148,0.31909547738693456,0.6801007556675065,0,1,0,0,0,1,0
0.2857142857142856,0.6386554621848739,0.8333333333333333,0.6000000000000001,0.3333333333333333,0.0067146282973621005,0.6761904761904762,0.21356783919597988,0.05289672544080615,0,1,0,0,1,0,0
0.4285714285714288,0.43697478991596633,0.7,0.0,0.4166666666666667,0.36067146282973617,0.9343358395989978,0.11306532663316582,0.2594458438287155,1,0,0,0,1,0,0
1.0,0.016806722689075626,0.9000000000000001,0.8,0.8583333333333333,0.08105515587529977,0.7197994987468672,0.33165829145728654,0.41561712846347576,0,0,1,0,1,0,0
0.5714285714285716,0.22689075630252098,0.10000000000000003,1.0,0.44166666666666665,0.22398081534772182,0.9042606516290728,0.4773869346733668,0.7607052896725437,1,0,0,1,0,0,0
0.0,0.3025210084033613,0.4333333333333333,0.8,0.475,0.569304556354916,0.19398496240601504,0.25628140703517577,0.21158690176322414,0,1,0,0,1,0,0
0.0,0.32773109243697474,0.6666666666666667,0.4,0.058333333333333334,0.8369304556354916,0.2736842105263158,0.829145728643216,0.6549118387909318,1,0,0,0,0,0,1
1.0,0.9915966386554622,0.2,0.4,0.2916666666666667,0.37553956834532376,0.3839598997493735,0.055276381909547645,0.06045340050377823,0,1,0,0,1,0,0
0.5714285714285716,0.6134453781512605,0.5999999999999999,0.8,0.2916666666666667,0.475779376498801,0.8045112781954888,0.4422110552763818,0.4861460957178838,0,0,1,0,0,1,0
0.5714285714285716,0.19327731092436973,0.6333333333333333,0.2,0.6666666666666666,0.10311750599520383,0.8721804511278195,0.08291457286432169,0.8488664987405541,0,0,1,1,0,0,0
0.8571428571428572,0.73109243697479,0.2,0.6000000000000001,0.7833333333333333,0.6047961630695443,0.3463659147869675,0.20854271356783927,0.8942065491183879,0,0,1,0,0,1,0
0.8571428571428572,0.2352941176470588,0.7333333333333334,0.6000000000000001,0.3833333333333333,0.5563549160671463,0.3167919799498747,0.4798994974874371,0.5289672544080604,0,1,0,0,0,1,0
0.2857142857142856,0.3193277310924369,0.9000000000000001,0.4,0.9833333333333333,0.1424460431654676,0.32531328320802005,0.816582914572864,0.34256926952141087,0,1,0,0,1,0,0
0.2857142857142856,0.11764705882352941,0.2,0.2,0.15,0.3112709832134293,0.05463659147869676,0.3869346733668342,0.7506297229219141,0,0,1,1,0,0,0
0.4285714285714288,0.5378151260504201,0.8333333333333333,0.2,0.7583333333333333,0.949640287769784,0.7458646616541353,0.23366834170854256,0.21662468513853894,1,0,0,0,0,0,1
0.7142857142857144,0.5294117647058824,0.4333333333333333,0.6000000000000001,0.3416666666666667,0.09400479616306953,0.49824561403508777,0.16582914572864316,0.8136020151133498,0,0,1,0,0,1,0
0.2857142857142856,0.907563025210084,0.16666666666666669,0.6000000000000001,0.43333333333333335,0.41438848920863314,0.35037593984962406,0.4170854271356783,0.6322418136020149,0,0,1,1,0,0,0
0.7142857142857144,0.47899159663865537,0.9333333333333333,0.0,0.44166666666666665,0.2398081534772182,0.6872180451127821,0.4422110552763818,0.7355163727959695,0,1,0,0,0,0,1
0.8571428571428572,0.0,0.4000000000000001,0.8,0.44166666666666665,0.7856115107913669,0.4511278195488723,0.4170854271356783,0.20403022670025184,1,0,0,1,0,0,0
0.4285714285714288,0.5630252100840336,0.03333333333333338,0.4,0.025,0.022062350119904067,0.7859649122807018,0.4623115577889447,0.6624685138539042,1,0,0,1,0,0,0
0.8571428571428572,0.6134453781512605,0.23333333333333334,0.0,0.9916666666666667,0.6292565947242206,0.5563909774436091,0.6909547738693467,0.3098236775818639,0,1,0,0,0,0,1
0.5714285714285716,0.6302521008403361,0.5333333333333334,0.4,0.4,0.12853717026378894,0.4862155388471178,0.015075376884422065,0.4760705289672542,1,0,0,0,0,1,0
0.4285714285714288,0.5378151260504201,1.0,0.0,0.9666666666666667,0.06426858513189447,0.19097744360902258,0.39949748743718594,0.09571788413098248,1,0,0,1,0,0,0
1.0,0.17647058823529413,0.2,0.4,0.6083333333333333,0.03788968824940048,0.9528822055137844,0.824120603015075,0.8261964735516372,1,0,0,1,0,0,0
0.8571428571428572,0.5210084033613445,0.26666666666666666,0.6000000000000001,0.7916666666666666,0.8359712230215828,0.3418546365914787,0.25628140703517577,0.8236775818639794,0,0,1,0,1,0,0
0.0,0.21008403361344538,0.8666666666666667,0.4,0.7166666666666667,0.6685851318944843,0.324812030075188,0.03266331658291444,0.23173803526448378,0,1,0,0,1,0,0
0.7142857142857144,0.09243697478991596,0.3333333333333333,1.0,0.30833333333333335,0.1237410071942446,0.12781954887218047,0.9195979899497488,0.937027707808564,1,0,0,1,0,0,0
0.2857142857142856,0.4705882352941176,0.7,0.6000000000000001,0.3,0.2685851318944844,0.4992481203007519,0.6758793969849246,0.4256926952141058,0,0,1,0,0,0,1
0.4285714285714288,0.26890756302521,0.4666666666666666,1.0,0.8833333333333333,0.5213429256594724,0.7203007518796993,0.33417085427135684,0.2544080604534005,0,1,0,0,1,0,0
0.1428571428571428,0.45378151260504196,0.5666666666666667,0.0,0.05,0.9875299760191847,0.1774436090225564,0.022613065326633208,0.11083123425692687,0,1,0,0,0,0,1
0.5714285714285716,0.025210084033613446,0.7666666666666666,0.8,0.9833333333333333,0.5712230215827337,0.6842105263157896,0.9070351758793969,0.8539042821158691,1,0,0,0,0,1,0
0.7142857142857144,0.016806722689075626,0.7,0.2,0.016666666666666666,0.7553956834532373,0.6802005012531329,0.0201005025125629,0.10831234256926958,0,0,1,1,0,0,0
0.4285714285714288,0.9663865546218486,0.8666666666666667,0.4,0.041666666666666664,0.36834532374100715,0.9699248120300752,0.3869346733668342,0.05289672544080615,0,0,1,0,0,0,1
1.0,0.865546218487395,0.3333333333333333,0.4,0.35833333333333334,0.9486810551558753,0.9639097744360905,0.8944723618090453,0.619647355163728,0,1,0,0,0,1,0
0.7142857142857144,0.7142857142857142,0.36666666666666664,0.4,0.8333333333333334,0.5290167865707434,0.856140350877193,0.6231155778894473,0.455919395465995,0,0,1,0,0,1,0
0.2857142857142856,0.17647058823529413,0.1333333333333333,0.4,0.35833333333333334,0.8685851318944845,0.767919799498747,0.015075376884422065,0.4483627204030227,0,1,0,0,1,0,0
0.1428571428571428,0.20168067226890754,0.6666666666666667,1.0,0.1,0.3990407673860912,0.775438596491228,0.46733668341708556,0.5062972292191434,1,0,0,0,0,0,1
0.5714285714285716,0.7815126050420168,0.03333333333333338,1.0,0.8666666666666667,0.3453237410071942,0.7669172932330828,0.4773869346733668,0.9571788413098237,0,0,1,0,0,1,0
0.8571428571428572,0.8235294117647058,0.3,1.0,0.8166666666666667,0.5342925659472422,0.020551378446115307,0.3065326633165828,0.8085642317380353,0,0,1,0,0,1,0
0.2857142857142856,0.15966386554621848,0.7,0.0,0.825,0.5366906474820143,0.7213032581453636,0.14321608040201017,0.6901763224181356,1,0,0,1,0,0,0
0.4285714285714288,0.9663865546218486,0.10000000000000003,0.6000000000000001,0.9666666666666667,0.14820143884892087,0.30175438596491233,0.33165829145728654,0.7304785894206549,0,1,0,0,1,0,0
0.1428571428571428,0.12605042016806722,0.6666666666666667,0.6000000000000001,0.9333333333333333,0.22446043165467625,0.5944862155388473,0.14070351758793964,0.3148614609571785,0,1,0,1,0,0,0
0.8571428571428572,0.6890756302521008,0.6666666666666667,1.0,0.31666666666666665,0.05755395683453236,0.1578947368421053,0.816582914572864,0.5163727959697735,0,0,1,0,0,1,0
0.2857142857142856,0.016806722689075626,0.4666666666666666,0.8,0.75,0.14052757793764986,0.6345864661654137,0.9824120603015074,0.4433249370277077,1,0,0,1,0,0,0
0.5714285714285716,0.03361344537815126,0.6333333333333333,0.2,0.8916666666666666,0.39376498800959225,0.31929824561403514,0.4623115577889447,0.18136020151133514,1,0,0,0,0,0,1
0.8571428571428572,0.7983193277310924,0.26666666666666666,0.6000000000000001,0.425,0.4474820143884892,0.6616541353383458,0.25376884422110546,0.7481108312342568,0,1,0,0,0,0,1
0.0,0.09243697478991596,0.8666666666666667,1.0,0.6916666666666667,0.2685851318944844,0.13483709273182962,0.48743718592964824,0.287153652392947,1,0,0,0,1,0,0
0.0,0.9915966386554622,0.4333333333333333,0.8,0.875,0.5088729016786571,0.3649122807017544,0.3241206030150754,0.6171284634760708,0,1,0,0,0,1,0
0.0,0.050420168067226885,0.9666666666666666,1.0,0.8666666666666667,0.22206235011990408,0.8280701754385966,0.10552763819095468,0.2720403022670024,0,0,1,0,0,0,1
1.0,0.8403361344537814,0.5999999999999999,0.4,0.9083333333333333,0.6441247002398082,0.6536340852130327,0.4547738693467336,0.292191435768262,0,1,0,0,0,0,1
0.0,0.7815126050420168,0.03333333333333338,0.2,0.7416666666666667,0.3544364508393285,0.07067669172932334,0.6557788944723619,0.47858942065491195,0,0,1,1,0,0,0
0.5714285714285716,0.7142857142857142,0.23333333333333334,0.6000000000000001,0.5083333333333333,0.21774580335731417,0.9578947368421054,0.364321608040201,0.25188916876574274,0,1,0,0,1,0,0
1.0,0.9747899159663864,0.2,0.2,0.775,0.7860911270983213,0.9187969924812032,0.9271356783919598,0.9874055415617125,1,0,0,0,0,0,1
0.7142857142857144,0.9915966386554622,0.9000000000000001,0.6000000000000001,0.575,0.7434052757793764,0.9829573934837095,0.19095477386934667,0.21662468513853894,0,0,1,0,0,1,0
0.1428571428571428,0.49579831932773105,0.9000000000000001,0.4,0.36666666666666664,0.9472422062350119,0.680701754385965,0.23366834170854256,0.6347607052896722,1,0,0,1,0,0,0
0.2857142857142856,0.08403361344537816,0.10000000000000003,0.0,0.8333333333333334,0.9966426858513189,0.07318295739348371,0.8065326633165832,0.7455919395465995,0,1,0,0,1,0,0
0.1428571428571428,0.865546218487395,0.06666666666666665,0.0,0.475,0.6887290167865707,0.1408521303258146,0.5829145728643217,0.8916876574307306,1,0,0,0,0,1,0
0.5714285714285716,0.26050420168067223,0.49999999999999994,0.4,0.6916666666666667,0.43788968824940055,0.4751879699248121,0.329145728643216,0.5617128463476069,0,0,1,0,0,0,1
0.4285714285714288,0.43697478991596633,0.8666666666666667,0.2,0.225,0.14484412470023977,0.3969924812030076,0.8391959798994972,0.25692695214105776,0,1,0,0,1,0,0
0.5714285714285716,0.06722689075630252,0.10000000000000003,1.0,0.4666666666666667,0.9270983213429257,0.9012531328320803,0.9824120603015074,0.7052896725440807,1,0,0,1,0,0,0
0.0,0.39495798319327724,0.4666666666666666,0.0,0.55,0.23741007194244604,0.10325814536340855,0.6507537688442211,0.18891687657430722,1,0,0,0,0,1,0
0.7142857142857144,0.5294117647058824,0.10000000000000003,0.2,0.9583333333333334,0.728537170263789,0.6962406015037594,0.7487437185929648,0.5062972292191434,0,1,0,0,1,0,0
1.0,0.6890756302521008,0.0,0.6000000000000001,0.08333333333333333,0.6541966426858513,0.9333333333333336,0.045226130653266194,0.2720403022670024,0,1,0,0,0,1,0
1.0,0.6890756302521008,0.10000000000000003,0.0,1.0,0.056115107913669054,0.9944862155388472,0.5150753768844221,0.3350125944584381,0,0,1,0,1,0,0
0.4285714285714288,0.907563025210084,0.7666666666666666,0.2,0.8166666666666667,0.8167865707434052,0.15288220551378445,0.9396984924623117,0.8312342569269522,0,0,1,0,0,1,0
0.4285714285714288,0.14285714285714285,0.7666666666666666,1.0,0.6166666666666667,0.361630695443645,0.5067669172932332,0.06281407035175879,0.23929471032745586,0,0,1,0,1,0,0
1.0,0.39495798319327724,0.06666666666666665,1.0,0.3,0.41007194244604317,0.6912280701754387,0.8567839195979898,0.5465994962216623,0,0,1,0,0,1,0
0.4285714285714288,0.4705882352941176,0.2,1.0,0.3833333333333333,0.2618705035971223,0.6010025062656641,0.33165829145728654,0.08312342569269515,0,0,1,1,0,0,0
0.4285714285714288,0.6134453781512605,0.3,0.8,0.625,0.6877697841726619,0.7273182957393485,0.8492462311557789,0.2896725440806043,0,1,0,0,0,1,0
1.0,0.3781512605042016,0.06666666666666665,0.8,0.08333333333333333,0.40479616306954436,0.8065162907268171,0.25628140703517577,0.9395465994962213,1,0,0,1,0,0,0
1.0,0.9411764705882353,0.3333333333333333,0.6000000000000001,0.8,0.429736211031175,0.22155388471177945,0.6507537688442211,0.5516372795969773,0,0,1,1,0,0,0
0.8571428571428572,0.3025210084033613,0.2,0.4,0.6166666666666667,0.5841726618705035,0.8776942355889725,0.27638190954773867,0.7052896725440807,0,1,0,0,0,0,1
0.7142857142857144,0.08403361344537816,0.3333333333333333,1.0,0.825,0.6100719424460431,0.6947368421052633,0.20854271356783927,0.4861460957178838,0,0,1,0,1,0,0
0.0,0.73109243697479,0.26666666666666666,0.8,0.18333333333333332,0.5894484412470024,0.3228070175438597,0.5402010050251256,0.0025188916876575096,0,1,0,1,0,0,0
0.7142857142857144,0.2521008403361344,0.8333333333333333,1.0,0.6916666666666667,0.9429256594724219,0.07368421052631582,0.3090452261306533,0.937027707808564,0,1,0,0,0,1,0
0.2857142857142856,0.3025210084033613,0.7333333333333334,0.4,0.20833333333333334,0.14772182254196642,0.6000000000000001,0.2613065326633166,0.926952141057934,1,0,0,0,0,1,0
1.0,0.10084033613445378,0.8666666666666667,0.4,0.21666666666666667,0.29160671462829735,0.7624060150375942,0.8015075376884422,0.8513853904282114,1,0,0,0,0,1,0
0.7142857142857144,0.14285714285714285,0.5999999999999999,0.8,0.9583333333333334,0.29880095923261385,0.837092731829574,0.13819095477386933,0.8211586901763221,0,1,0,0,1,0,0
1.0,0.5630252100840336,0.7333333333333334,0.0,0.36666666666666664,0.3659472422062351,0.27418546365914787,0.7336683417085426,0.7984886649874052,1,0,0,0,0,1,0
0.2857142857142856,0.050420168067226885,0.7333333333333334,0.2,0.5333333333333333,0.7055155875299759,0.44761904761904764,0.8743718592964824,0.04282115869017633,1,0,0,0,0,0,1
0.8571428571428572,0.7142857142857142,0.5999999999999999,0.8,0.4583333333333333,0.8988009592326139,0.10175438596491232,0.42462311557788945,0.6045340050377834,0,0,1,0,0,0,1
0.2857142857142856,0.73109243697479,0.8666666666666667,0.2,0.7916666666666666,0.3952038369304557,0.19197994987468675,0.6608040201005023,0.40302267002518843,0,1,0,0,0,0,1
0.2857142857142856,0.3193277310924369,0.3,0.8,0.9833333333333333,0.18705035971223022,0.2671679197994988,0.06030150753768848,0.4836272040302265,1,0,0,0,0,1,0
0.1428571428571428,0.48739495798319327,0.5666666666666667,0.4,0.4666666666666667,0.0800959232613909,0.8671679197994988,0.04271356783919589,0.5012594458438284,1,0,0,0,0,1,0
0.2857142857142856,0.36134453781512604,0.06666666666666665,0.0,0.5833333333333334,0.837410071942446,0.9253132832080202,0.5150753768844221,0.5768261964735515,0,1,0,1,0,0,0
1.0,0.2941176470588235,0.3,0.4,0.8333333333333334,0.10119904076738609,0.3197994987468672,0.341708542713568,0.7657430730478587,1,0,0,0,0,1,0
0.1428571428571428,0.9747899159663864,0.8333333333333333,1.0,0.43333333333333335,0.5491606714628297,0.05764411027568925,0.0201005025125629,0.7455919395465995,0,1,0,0,0,1,0
1.0,0.8571428571428572,0.9333333333333333,0.2,0.85,0.08201438848920864,0.9122807017543861,0.6155778894472361,0.005037783375314797,0,0,1,1,0,0,0
0.4285714285714288,0.7142857142857142,0.4666666666666666,0.2,0.44166666666666665,0.5251798561151079,0.35037593984962406,0.12311557788944727,0.7380352644836268,0,1,0,0,1,0,0
0.0,0.865546218487395,0.8,0.0,0.6,0.2652278177458034,0.11077694235588972,0.33417085427135684,0.6246851385390426,0,1,0,0,0,1,0
0.0,0.5798319327731092,0.4333333333333333,0.2,0.225,0.4023980815347722,0.2390977443609023,0.5150753768844221,0.49622166246851385,0,0,1,0,0,0,1
0.5714285714285716,0.008403361344537815,0.1333333333333333,0.2,0.8416666666666667,0.8772182254196643,0.7027568922305765,0.18341708542713575,0.554156171284635,1,0,0,0,0,0,1
0.4285714285714288,0.4453781512605042,0.9000000000000001,0.2,0.3833333333333333,0.547242206235012,0.8641604010025064,0.10552763819095468,0.9571788413098237,0,1,0,0,0,1,0
0.7142857142857144,0.14285714285714285,0.7333333333333334,0.4,0.6083333333333333,0.24604316546762592,0.1604010025062657,0.329145728643216,0.1612090680100755,0,1,0,0,1,0,0
0.2857142857142856,0.21008403361344538,0.9000000000000001,0.0,0.9,0.8249400479616307,0.031077694235588982,0.7135678391959799,0.7506297229219141,1,0,0,0,0,1,0
1.0,0.8823529411764706,0.5999999999999999,0.2,0.5833333333333334,0.05755395683453236,0.45363408521303267,0.8668341708542711,0.11335012594458438,0,0,1,0,1,0,0
0.4285714285714288,0.8067226890756302,0.36666666666666664,1.0,0.8583333333333333,0.33189448441247005,0.10426065162907269,0.4572864321608041,0.544080604534005,0,0,1,0,0,0,1
1.0,0.3193277310924369,0.5333333333333334,0.6000000000000001,0.8916666666666666,0.10695443645083932,0.886215538847118,0.42964824120603007,0.7934508816120907,1,0,0,0,0,1,0
0.8571428571428572,0.12605042016806722,0.8666666666666667,0.8,0.675,0.1621103117505995,0.2596491228070176,0.585427135678392,0.4861460957178838,0,0,1,0,0,1,0
0.8571428571428572,0.5798319327731092,0.3333333333333333,0.6000000000000001,0.7583333333333333,0.9083932853717026,0.3403508771929825,0.4547738693467336,0.20403022670025184,0,1,0,1,0,0,0
0.1428571428571428,0.025210084033613446,1.0,0.8,0.7083333333333334,0.5309352517985612,0.30776942355889725,0.49246231155778886,0.8337531486146095,0,1,0,1,0,0,0
0.4285714285714288,0.36974789915966383,0.16666666666666669,0.0,0.875,0.11558752997601918,0.5884711779448621,0.24623115577889454,0.0176322418136019,0,1,0,0,0,1,0
0.8571428571428572,0.3193277310924369,0.1333333333333333,0.8,0.175,0.8306954436450839,0.46315789473684216,0.35678391959798983,0.5340050377833754,1,0,0,1,0,0,0
0.2857142857142856,0.10924369747899158,0.6666666666666667,1.0,0.21666666666666667,0.35203836930455634,0.18245614035087726,0.6809045226130652,0.1511335012594459,0,0,1,0,0,0,1
0.1428571428571428,0.2184873949579832,0.5999999999999999,0.8,0.4666666666666667,0.4148681055155875,0.8360902255639098,0.6582914572864322,0.35516372795969775,0,0,1,0,0,0,1
0.7142857142857144,0.8151260504201681,0.03333333333333338,0.4,0.4,0.6254196642685851,0.4456140350877193,0.9170854271356785,0.614609571788413,0,1,0,0,1,0,0
1.0,0.5378151260504201,0.6666666666666667,0.8,0.8666666666666667,0.20815347721822539,0.6872180451127821,0.6457286432160805,0.838790931989924,0,1,0,0,0,1,0
0.0,0.07563025210084033,0.0,0.0,0.43333333333333335,0.7477218225419665,0.7844611528822056,0.22613065326633164,0.4483627204030227,0,0,1,0,0,0,1
0.2857142857142856,0.7142857142857142,0.06666666666666665,0.4,0.3833333333333333,0.19760191846522782,0.7829573934837095,0.06030150753768848,0.32241813602015124,1,0,0,0,1,0,0
0.5714285714285716,0.9915966386554622,0.4666666666666666,1.0,0.06666666666666667,0.524220623501199,0.6766917293233083,0.21859296482412072,0.6700251889168765,1,0,0,0,0,1,0
1.0,0.3193277310924369,0.6333333333333333,0.2,0.11666666666666667,0.8954436450839328,0.8335839598997494,0.8819095477386933,0.8639798488664983,1,0,0,0,0,0,1
0.5714285714285716,0.9495798319327731,0.4666666666666666,0.6000000000000001,0.26666666666666666,0.9894484412470024,0.7654135338345867,0.414572864321608,0.5994962216624684,0,1,0,0,1,0,0
0.0,0.0,1.0,0.2,0.6416666666666666,0.5515587529976019,0.6616541353383458,0.879396984924623,0.07304785894206534,0,1,0,0,0,0,1
0.7142857142857144,0.8235294117647058,0.8,0.0,0.325,0.28824940047961634,0.0010025062656641714,0.8266331658291453,0.012594458438287326,0,1,0,0,0,1,0
0.0,0.06722689075630252,0.4000000000000001,0.0,0.9583333333333334,0.2503597122302158,0.6817042606516293,0.007537688442211143,0.7128463476070526,0,1,0,0,0,1,0
0.1428571428571428,0.22689075630252098,0.9000000000000001,0.0,0.06666666666666667,0.47769784172661867,0.39298245614035093,0.09798994974874353,0.16876574307304804,1,0,0,0,0,1,0
0.5714285714285716,0.722689075630252,0.5999999999999999,0.4,0.05,0.6139088729016786,0.4220551378446116,0.3542713567839195,0.4080604534005039,0,0,1,0,0,1,0
0.2857142857142856,0.5630252100840336,0.5333333333333334,0.0,0.375,0.8465227817745803,0.9649122807017545,0.18090452261306522,0.8136020151133498,0,1,0,0,0,1,0
0.8571428571428572,0.6470588235294117,0.3333333333333333,0.4,0.49166666666666664,0.3069544364508393,0.2641604010025063,0.9120603015075379,0.8539042821158691,1,0,0,0,0,1,0
0.0,0.3193277310924369,0.4666666666666666,0.0,0.016666666666666666,0.22110311750599523,0.09072681704260654,0.8592964824120601,0.6574307304785896,1,0,0,0,1,0,0
1.0,0.7815126050420168,0.49999999999999994,0.0,0.5416666666666666,0.04796163069544364,0.3137844611528823,0.6859296482412061,0.6952141057934507,0,1,0,0,0,1,0
0.1428571428571428,0.0,0.4666666666666666,0.6000000000000001,0.225,0.9784172661870503,0.9378446115288224,0.4120603015075375,0.9647355163727955,0,0,1,0,1,0,0
0.1428571428571428,0.8151260504201681,0.16666666666666669,1.0,0.375,0.8321342925659472,0.3604010025062657,0.7763819095477387,0.7204030226700253,0,1,0,0,1,0,0
1.0,0.4453781512605042,0.4000000000000001,0.4,0.8666666666666667,0.9976019184652278,0.7248120300751881,0.047738693467336724,0.5818639798488665,1,0,0,0,1,0,0
0.7142857142857144,0.588235294117647,0.5666666666666667,0.0,0.6666666666666666,0.17170263788968826,0.4606516290726818,0.012562814070351758,0.8261964735516372,0,0,1,0,1,0,0
0.8571428571428572,0.38655462184873945,0.4333333333333333,0.2,0.7416666666666667,0.086810551558753,0.4857142857142858,0.5929648241206031,0.5088161209068007,0,0,1,0,1,0,0
0.1428571428571428,0.5294117647058824,0.2,1.0,0.275,0.8709832134292564,0.22055137844611533,0.9271356783919598,0.861460957178841,0,1,0,1,0,0,0
0.5714285714285716,0.7899159663865546,0.5333333333333334,0.4,0.7083333333333334,0.7486810551558754,0.21303258145363413,0.27386934673366836,0.4181360201511335,0,0,1,1,0,0,0
1.0,0.13445378151260504,0.7,1.0,0.3333333333333333,0.6609112709832133,0.3463659147869675,0.8567839195979898,0.8513853904282114,0,1,0,1,0,0,0
1.0,0.6554621848739496,0.16666666666666669,0.4,0.2,0.939568345323741,0.9709273182957396,0.3869346733668342,0.9697732997481106,0,0,1,0,1,0,0
0.4285714285714288,0.42016806722689065,0.4666666666666666,0.4,0.825,0.2853717026378897,0.3794486215538847,0.5050251256281406,0.11083123425692687,0,0,1,0,0,0,1
0.4285714285714288,0.43697478991596633,0.7333333333333334,0.8,0.9,0.7184652278177457,0.0030075187969924866,0.1733668341708543,0.9244332493702767,0,1,0,0,1,0,0
0.0,0.9579831932773109,0.5333333333333334,0.8,0.15,0.5376498800959232,0.6290726817042607,0.23366834170854256,0.35768261964735504,0,1,0,0,1,0,0
0.4285714285714288,0.5126050420168067,0.5666666666666667,0.6000000000000001,0.9583333333333334,0.9860911270983213,0.5583959899749373,0.9924623115577886,0.0,0,0,1,0,0,1,0
1.0,0.6218487394957983,0.4333333333333333,0.6000000000000001,0.7583333333333333,0.7616306954436451,0.2065162907268171,0.1733668341708543,0.24685138539042817,0,0,1,0,0,1,0
0.7142857142857144,0.7647058823529411,0.8666666666666667,0.0,0.5,0.2498800959232614,0.3839598997493735,0.2839195979899496,0.287153652392947,0,0,1,0,1,0,0
1.0,0.865546218487395,0.4333333333333333,0.8,0.058333333333333334,0.2848920863309352,0.8601503759398497,0.5703517587939697,0.6549118387909318,1,0,0,0,0,0,1
1.0,0.41176470588235287,0.23333333333333334,0.6000000000000001,0.20833333333333334,0.7616306954436451,0.09022556390977446,0.2839195979899496,0.675062972292191,1,0,0,0,0,0,1
0.4285714285714288,0.9663865546218486,0.1333333333333333,0.4,0.7083333333333334,0.2043165467625899,0.4962406015037594,0.04271356783919589,0.5667506297229219,0,1,0,0,1,0,0
0.1428571428571428,0.2941176470588235,0.16666666666666669,0.8,0.39166666666666666,0.07242206235011989,0.8721804511278195,0.8768844221105527,0.8513853904282114,0,0,1,0,0,0,1
0.5714285714285716,0.865546218487395,0.26666666666666666,1.0,0.6333333333333333,0.29544364508393284,0.9493734335839599,0.47487437185929626,0.49118387909319927,0,0,1,1,0,0,0
0.8571428571428572,0.5462184873949579,0.7,0.6000000000000001,0.7083333333333334,0.17074340527577936,0.8822055137844611,0.5929648241206031,0.7128463476070526,0,1,0,1,0,0,0
0.2857142857142856,0.2352941176470588,0.10000000000000003,0.2,0.9,0.08393285371702638,0.2265664160401003,0.8994974874371859,0.6397984886649872,0,1,0,0,0,1,0
0.4285714285714288,0.1680672268907563,0.7,0.2,0.6916666666666667,0.0,0.6090225563909775,0.4045226130653268,0.20151133501259455,0,1,0,0,0,0,1
0.4285714285714288,0.03361344537815126,0.9000000000000001,0.4,0.3833333333333333,0.1961630695443645,0.749874686716792,0.693467336683417,0.10831234256926958,1,0,0,0,0,1,0
0.8571428571428572,0.9243697478991596,0.8666666666666667,0.2,0.8333333333333334,0.3985611510791367,0.41754385964912294,0.6733668341708541,0.3148614609571785,1,0,0,0,1,0,0
0.1428571428571428,0.058823529411764705,0.4666666666666666,0.8,0.43333333333333335,0.12422062350119903,0.1298245614035088,0.9974874371859297,0.07052896725440805,1,0,0,0,0,1,0
0.0,0.016806722689075626,0.23333333333333334,0.4,0.3333333333333333,0.8110311750599519,0.48721804511278194,0.057788944723618174,0.838790931989924,0,1,0,0,1,0,0
0.7142857142857144,0.6554621848739496,0.1333333333333333,0.4,0.275,0.7836930455635492,0.8190476190476192,0.12311557788944727,0.7153652392947099,0,1,0,0,0,0,1
0.2857142857142856,0.7647058823529411,0.5666666666666667,0.0,0.16666666666666666,0.6594724220623501,0.22756892230576442,0.7361809045226129,0.7959697732997479,0,0,1,0,1,0,0
1.0,0.7815126050420168,0.4000000000000001,0.8,0.19166666666666665,0.17505995203836933,0.12531328320802007,0.8115577889447239,0.8765743073047856,0,1,0,1,0,0,0
0.1428571428571428,0.73109243697479,0.03333333333333338,0.0,0.225,0.8009592326139089,0.9568922305764413,0.5276381909547738,0.7254408060453399,0,1,0,0,0,0,1
0.1428571428571428,0.11764705882352941,0.5999999999999999,0.2,0.775,0.32422062350119907,0.4511278195488723,0.7336683417085426,0.5692695214105792,0,0,1,0,0,0,1
0.4285714285714288,0.1680672268907563,0.10000000000000003,0.8,0.85,0.7788968824940048,0.4401002506265665,0.8492462311557789,0.4130982367758185,1,0,0,1,0,0,0
0.4285714285714288,0.2521008403361344,0.7666666666666666,0.4,0.2833333333333333,0.173621103117506,0.4421052631578947,0.6005025125628138,0.42317380352644807,1,0,0,0,0,0,1
0.7142857142857144,0.35294117647058815,0.8333333333333333,0.0,0.175,0.4091127098321342,0.18446115288220555,0.7864321608040203,0.030226700251889005,0,1,0,1,0,0,0
0.2857142857142856,0.050420168067226885,0.36666666666666664,0.6000000000000001,0.43333333333333335,0.17074340527577936,0.23007518796992482,0.6834170854271355,0.2418136020151136,0,1,0,0,0,0,1
0.2857142857142856,0.5210084033613445,0.7,1.0,0.3416666666666667,0.7697841726618704,0.918295739348371,0.3065326633165828,0.09823677581863977,0,1,0,1,0,0,0
0.2857142857142856,0.10924369747899158,0.8,0.8,0.11666666666666667,0.9424460431654677,0.43258145363408523,0.4371859296482412,0.806045340050378,0,1,0,0,0,0,1
0.5714285714285716,0.6554621848739496,0.4000000000000001,0.2,0.8083333333333333,0.6383693045563549,0.049122807017543874,0.3743718592964824,0.015113350125944613,0,1,0,1,0,0,0
0.5714285714285716,0.26890756302521,0.9666666666666666,0.4,0.26666666666666666,0.9477218225419664,0.12280701754385967,0.5904522613065326,0.30478589420654933,0,1,0,0,1,0,0
0.4285714285714288,0.73109243697479,1.0,1.0,0.975,0.2738609112709832,0.22456140350877196,0.24874371859296485,0.4760705289672542,0,1,0,1,0,0,0
0.2857142857142856,0.5126050420168067,0.26666666666666666,0.6000000000000001,0.43333333333333335,0.93621103117506,0.3719298245614036,0.04271356783919589,0.7002518891687657,0,1,0,0,1,0,0
1.0,0.11764705882352941,0.5333333333333334,0.2,0.7666666666666666,0.5443645083932853,0.16541353383458646,0.6758793969849246,0.7405541561712845,0,0,1,0,0,0,1
0.7142857142857144,0.8991596638655462,0.36666666666666664,0.8,0.875,0.6105515587529976,0.26766917293233083,0.8643216080402008,0.614609571788413,0,0,1,0,0,1,0
0.7142857142857144,0.43697478991596633,0.5999999999999999,0.4,0.19166666666666665,0.2498800959232614,0.5548872180451128,0.5452261306532662,0.6725440806045337,1,0,0,1,0,0,0
0.7142857142857144,0.1680672268907563,0.5333333333333334,1.0,0.2583333333333333,0.32230215827338127,0.5789473684210527,0.7864321608040203,0.8312342569269522,0,0,1,0,0,1,0
0.4285714285714288,0.09243697478991596,0.9000000000000001,0.4,1.0,0.24028776978417263,0.18195488721804515,0.743718592964824,0.4735516372795969,0,1,0,0,0,0,1
0.2857142857142856,0.03361344537815126,0.5333333333333334,0.8,0.5083333333333333,0.6350119904076739,0.830576441102757,0.0678391959798994,0.8992443324937025,0,0,1,0,0,0,1
0.5714285714285716,0.6554621848739496,0.49999999999999994,0.6000000000000001,0.7,0.20815347721822539,0.6275689223057646,0.721105527638191,0.455919395465995,0,0,1,1,0,0,0
0.4285714285714288,0.49579831932773105,0.3,1.0,0.6166666666666667,0.36690647482014394,0.25313283208020054,0.8065326633165832,0.8035264483627202,0,1,0,1,0,0,0
0.5714285714285716,0.12605042016806722,0.23333333333333334,0.2,0.8416666666666667,0.5386091127098321,0.779448621553885,0.886934673366834,0.9345088161209067,1,0,0,1,0,0,0
0.4285714285714288,0.025210084033613446,0.3333333333333333,0.8,0.5916666666666667,0.3889688249400479,0.1604010025062657,0.9472361809045222,0.3929471032745593,0,1,0,0,1,0,0
0.0,0.6890756302521008,0.49999999999999994,0.0,0.15833333333333333,0.2014388489208633,0.518796992481203,0.47236180904522596,0.9546599496221664,0,1,0,0,1,0,0
0.1428571428571428,0.6218487394957983,0.16666666666666669,0.6000000000000001,0.6166666666666667,0.8278177458033573,0.7458646616541353,0.8894472361809043,0.7506297229219141,1,0,0,0,0,1,0
0.0,0.588235294117647,0.4666666666666666,0.2,0.525,0.958273381294964,0.8476190476190477,0.4195979899497486,0.6221662468513853,1,0,0,0,0,0,1
0.4285714285714288,0.6890756302521008,0.49999999999999994,0.6000000000000001,0.48333333333333334,0.3127098321342926,0.8676691729323309,0.7035175879396984,0.6675062972292192,1,0,0,0,0,0,1
0.0,0.058823529411764705,0.8666666666666667,0.8,0.13333333333333333,0.1275779376498801,0.8731829573934837,0.20854271356783927,0.5465994962216623,0,1,0,0,0,0,1
0.0,0.45378151260504196,0.10000000000000003,0.4,0.9166666666666666,0.13381294964028778,0.056641604010025076,0.03768844221105527,0.7279596977329972,1,0,0,0,0,0,1
0.4285714285714288,0.42857142857142855,0.5999999999999999,0.8,0.825,0.5851318944844124,0.9498746867167922,0.20351758793969843,0.5163727959697735,0,0,1,1,0,0,0
0.0,0.06722689075630252,0.1333333333333333,0.8,0.20833333333333334,0.16354916067146283,0.7774436090225565,0.20100502512562812,0.32997481108312354,0,0,1,0,0,1,0
1.0,0.8907563025210083,0.4000000000000001,0.6000000000000001,0.041666666666666664,0.4858513189448441,0.8776942355889725,0.18341708542713575,0.9823677581863979,0,1,0,0,0,1,0
0.0,0.9327731092436974,0.7333333333333334,0.0,0.48333333333333334,0.0633093525179856,0.5649122807017544,0.06030150753768848,0.3400503778337527,0,0,1,0,0,1,0
0.0,0.10084033613445378,0.9333333333333333,0.4,0.15833333333333333,0.5817745803357314,0.9072681704260652,0.16834170854271346,0.9999999999999998,1,0,0,1,0,0,0
0.7142857142857144,0.26050420168067223,0.7,0.6000000000000001,0.75,0.21199040767386093,0.8731829573934837,0.29145728643216073,0.34256926952141087,0,1,0,0,0,1,0
0.8571428571428572,0.34453781512605036,0.9333333333333333,0.8,0.9416666666666667,0.6532374100719424,0.41353383458646625,0.5778894472361809,0.7405541561712845,0,1,0,0,0,0,1
0.5714285714285716,0.6806722689075629,0.16666666666666669,0.0,0.8083333333333333,0.4695443645083932,0.8942355889724312,0.6155778894472361,0.08816120906801017,1,0,0,0,1,0,0
0.7142857142857144,0.07563025210084033,0.8,0.2,0.20833333333333334,0.5841726618705035,0.786967418546366,0.055276381909547645,0.37531486146095694,1,0,0,0,0,1,0
0.2857142857142856,0.3781512605042016,0.7,0.8,0.95,0.3285371702637889,0.17443609022556394,0.4045226130653268,0.20654911838790935,0,1,0,0,0,1,0
0.8571428571428572,0.6722689075630252,0.06666666666666665,0.4,0.6333333333333333,0.5856115107913669,0.5393483709273184,0.05025125628140703,0.8740554156171283,0,1,0,0,0,0,1
0.5714285714285716,0.4033613445378151,0.4000000000000001,0.4,0.775,0.7299760191846523,0.3794486215538847,0.608040201005025,0.24685138539042817,0,0,1,0,0,0,1
0.1428571428571428,0.8739495798319328,0.26666666666666666,0.2,0.44166666666666665,0.694484412470024,0.7493734335839599,0.20100502512562812,0.7002518891687657,0,0,1,0,0,0,1
0.4285714285714288,0.7983193277310924,0.5666666666666667,0.0,0.9249999999999999,0.21342925659472425,0.6922305764411028,0.10804020100502498,0.4659949622166246,0,1,0,0,0,0,1
1.0,0.41176470588235287,0.5999999999999999,0.6000000000000001,0.4083333333333333,0.05419664268585131,0.20751879699248127,0.31658291457286425,0.2619647355163728,0,0,1,1,0,0,0
0.0,0.34453781512605036,0.3,0.2,0.9666666666666667,0.24412470023980817,0.8616541353383458,0.7085427135678393,0.3400503778337527,1,0,0,0,0,0,1
1.0,0.7563025210084033,0.4333333333333333,0.2,0.7916666666666666,0.9606714628297361,0.6857142857142857,1.0,0.10075566750629728,1,0,0,0,0,1,0
1.0,0.5462184873949579,0.1333333333333333,0.4,1.0,0.2959232613908873,0.499749373433584,0.6005025125628138,0.1561712846347607,0,1,0,0,0,1,0
0.7142857142857144,0.8403361344537814,0.06666666666666665,0.2,0.19166666666666665,0.36642685851318946,0.543358395989975,0.26884422110552775,0.8413098236775813,1,0,0,1,0,0,0
0.7142857142857144,0.11764705882352941,0.7,0.2,0.95,0.9760191846522781,0.6922305764411028,0.14070351758793964,0.7858942065491183,1,0,0,0,1,0,0
0.7142857142857144,0.0,0.5999999999999999,0.8,0.2,0.5942446043165468,0.6746867167919801,0.7688442211055277,0.2997481108312343,0,1,0,1,0,0,0
1.0,0.45378151260504196,0.9666666666666666,0.2,0.03333333333333333,0.8095923261390887,0.7734335839598998,0.4547738693467336,0.9193954659949621,0,1,0,0,0,1,0
0.0,0.12605042016806722,0.9333333333333333,0.0,0.44166666666666665,0.2522781774580336,0.9558897243107771,0.8718592964824121,0.7682619647355164,0,1,0,0,0,0,1
0.5714285714285716,0.38655462184873945,0.06666666666666665,1.0,0.4583333333333333,0.8028776978417266,0.8646616541353385,0.21105527638190957,0.04534005037783384,0,1,0,0,1,0,0
0.1428571428571428,0.7563025210084033,0.5999999999999999,1.0,0.11666666666666667,0.09208633093525179,0.022556390977443636,0.243718592964824,0.12594458438287148,0,1,0,0,0,1,0
0.8571428571428572,0.7058823529411764,0.8333333333333333,0.6000000000000001,0.9666666666666667,0.9980815347721823,0.0,0.49246231155778886,0.49874055415617113,0,1,0,0,0,1,0
0.5714285714285716,0.5378151260504201,0.4666666666666666,0.2,0.2583333333333333,0.31318944844124696,0.9934837092731832,0.12814070351758788,0.2972292191435766,0,1,0,0,0,1,0
0.2857142857142856,0.36974789915966383,0.2,0.0,0.225,0.8436450839328538,0.7954887218045115,0.12814070351758788,0.7934508816120907,0,0,1,0,0,1,0
0.1428571428571428,0.36134453781512604,0.06666666666666665,0.4,0.8666666666666667,0.5462829736211031,0.43258145363408523,0.3040201005025125,0.6171284634760708,0,1,0,1,0,0,0
0.2857142857142856,0.773109243697479,0.0,0.8,0.9166666666666666,0.17601918465227817,0.8431077694235591,0.9572864321608039,0.5642317380352642,0,1,0,0,1,0,0
0.7142857142857144,0.17647058823529413,0.10000000000000003,0.8,0.21666666666666667,0.561630695443645,0.45313283208020055,0.8115577889447239,0.18891687657430722,0,0,1,0,0,0,1
0.7142857142857144,0.9495798319327731,0.4666666666666666,0.8,0.6416666666666666,0.6988009592326139,0.23659147869674185,0.17839195979899491,0.12090680100755669,1,0,0,0,1,0,0
0.2857142857142856,0.07563025210084033,0.6333333333333333,0.4,0.675,0.2997601918465228,0.3478696741854637,0.329145728643216,0.8287153652392945,1,0,0,0,1,0,0
0.7142857142857144,0.12605042016806722,0.49999999999999994,0.4,0.5083333333333333,0.23261390887290165,0.23208020050125316,0.04020100502512558,0.6725440806045337,1,0,0,0,0,0,1
0.5714285714285716,0.27731092436974786,0.7333333333333334,0.4,0.03333333333333333,0.10503597122302158,0.021553884711779464,0.364321608040201,0.2846347607052897,0,1,0,0,1,0,0
0.4285714285714288,0.5798319327731092,0.7666666666666666,1.0,0.4083333333333333,0.5582733812949641,0.5067669172932332,0.0201005025125629,0.1335012594458438,0,1,0,0,0,0,1
0.7142857142857144,0.3361344537815125,0.23333333333333334,0.0,0.5583333333333333,0.38273381294964026,0.6671679197994989,0.7487437185929648,0.3073047858942066,1,0,0,0,1,0,0
0.4285714285714288,0.21008403361344538,0.6333333333333333,0.4,0.55,0.5390887290167865,0.8401002506265665,0.017587939698492594,0.3375314861460954,1,0,0,0,1,0,0
0.0,0.6050420168067226,0.4666666666666666,0.2,0.016666666666666666,0.009592326139088725,0.5523809523809524,0.36180904522613067,0.02015113350125941,0,1,0,1,0,0,0
0.8571428571428572,0.6386554621848739,0.6333333333333333,0.8,0.45,0.9227817745803357,0.7884711779448623,0.6557788944723619,0.19899244332493682,1,0,0,0,1,0,0
0.7142857142857144,0.03361344537815126,0.6333333333333333,0.6000000000000001,0.05,0.6829736211031174,0.4390977443609024,0.6758793969849246,0.2795969773299751,1,0,0,0,0,1,0
0.7142857142857144,0.8235294117647058,0.06666666666666665,0.4,0.8916666666666666,0.21726618705035974,0.8706766917293234,0.5603015075376885,0.7758186397984883,0,0,1,0,0,0,1
0.0,1.0,0.5999999999999999,1.0,0.16666666666666666,0.7232613908872901,0.06516290726817045,0.7512562814070352,0.128463476070529,0,1,0,1,0,0,0
0.0,0.6554621848739496,0.10000000000000003,0.2,0.325,0.3817745803357314,0.8275689223057645,0.31658291457286425,0.015113350125944613,1,0,0,1,0,0,0
0.4285714285714288,0.8571428571428572,0.49999999999999994,0.8,0.375,0.569304556354916,0.6796992481203008,0.829145728643216,0.697732997481108,1,0,0,1,0,0,0
0.2857142857142856,0.7983193277310924,0.8666666666666667,0.8,0.6916666666666667,0.41966426858513184,0.7513784461152881,0.01005025125628145,0.5314861460957181,0,0,1,0,0,0,1
0.4285714285714288,0.42016806722689065,0.8666666666666667,1.0,0.9,0.4585131894484412,0.8456140350877195,0.5728643216080402,0.3677581863979851,1,0,0,0,0,0,1
0.0,0.4453781512605042,0.7333333333333334,0.2,0.8916666666666666,0.48681055155875297,0.3533834586466166,0.6281407035175879,0.7204030226700253,0,1,0,1,0,0,0
0.2857142857142856,0.2184873949579832,0.5666666666666667,0.0,0.7083333333333334,0.9544364508393286,0.2040100250626567,1.0,0.5012594458438284,0,1,0,0,0,0,1
0.1428571428571428,0.9663865546218486,0.9666666666666666,0.0,0.9416666666666667,0.6829736211031174,0.4260651629072682,0.2236180904522611,0.4256926952141058,0,1,0,0,1,0,0
0.1428571428571428,0.5126050420168067,0.2,0.0,0.23333333333333334,0.7846522781774581,0.736842105263158,0.5552763819095476,0.47103274559193964,1,0,0,0,1,0,0
0.8571428571428572,0.2352941176470588,0.03333333333333338,0.0,0.3833333333333333,0.3798561151079136,0.5914786967418546,0.09296482412060314,0.35264483627204,0,0,1,0,0,1,0
0.1428571428571428,0.8739495798319328,0.06666666666666665,0.8,0.0,0.53189448441247,0.0987468671679198,0.5804020100502512,0.6952141057934507,1,0,0,0,0,1,0
0.8571428571428572,0.39495798319327724,0.5333333333333334,0.4,0.06666666666666667,0.2503597122302158,0.1398496240601504,0.5703517587939697,0.5969773299748111,0,1,0,0,0,0,1
0.0,0.5546218487394958,0.10000000000000003,0.8,0.775,0.09352517985611508,0.6010025062656641,0.14321608040201017,0.22921914357682605,1,0,0,0,0,0,1
1.0,1.0,0.7333333333333334,0.6000000000000001,0.8,0.4182254196642686,0.8411027568922307,0.01005025125628145,0.8790931989924433,0,0,1,1,0,0,0
0.4285714285714288,0.5042016806722689,0.2,0.0,0.9,0.4388489208633094,0.961904761904762,0.18592964824120606,0.455919395465995,0,0,1,1,0,0,0
1.0,0.42857142857142855,0.10000000000000003,1.0,0.0,0.24844124700239809,0.7428571428571429,0.055276381909547645,0.6272040302266999,0,1,0,0,0,0,1
1.0,0.03361344537815126,0.0,0.4,0.7833333333333333,0.9199040767386092,0.30025062656641605,0.06281407035175879,0.04785894206549113,0,0,1,0,1,0,0
0.1428571428571428,0.050420168067226885,0.49999999999999994,0.8,0.9166666666666666,0.4407673860911271,0.8335839598997494,0.025125628140703515,0.8690176322418137,0,0,1,0,0,0,1
0.5714285714285716,0.41176470588235287,0.8666666666666667,0.8,0.025,0.08345323741007193,0.05614035087719299,0.7261306532663314,0.2795969773299751,0,1,0,0,1,0,0
0.7142857142857144,0.43697478991596633,0.49999999999999994,0.8,0.8083333333333333,0.8652278177458034,0.5413533834586466,0.39949748743718594,0.40050377833753115,1,0,0,0,0,1,0
0.7142857142857144,0.865546218487395,0.8666666666666667,1.0,0.225,0.2829736211031175,0.21704260651629076,0.13316582914572872,0.385390428211587,0,1,0,0,0,1,0
0.1428571428571428,0.7983193277310924,0.9000000000000001,0.0,0.8833333333333333,0.5976019184652277,0.9719298245614036,0.31407035175879394,0.9471032745591936,1,0,0,0,1,0,0
0.7142857142857144,0.6050420168067226,1.0,0.6000000000000001,0.5583333333333333,0.45227817745803356,0.7112781954887217,0.0,0.3123425692695212,0,1,0,0,1,0,0
0.8571428571428572,0.8403361344537814,0.9666666666666666,0.2,0.6666666666666666,0.5640287769784172,0.5548872180451128,0.5929648241206031,0.19899244332493682,0,0,1,0,1,0,0
0.2857142857142856,0.2521008403361344,0.36666666666666664,0.6000000000000001,0.06666666666666667,0.9884892086330936,0.43308270676691735,0.012562814070351758,0.445843828715365,0,0,1,0,0,1,0
0.8571428571428572,0.35294117647058815,0.3,0.2,0.7083333333333334,0.47098321342925653,0.46716791979949873,0.6281407035175879,0.619647355163728,0,0,1,1,0,0,0
0.2857142857142856,0.6302521008403361,0.06666666666666665,0.0,0.675,0.6470023980815347,0.6471177944862156,0.8366834170854269,0.5818639798488665,0,1,0,1,0,0,0
0.0,0.588235294117647,0.7333333333333334,0.8,0.8833333333333333,0.41055155875299765,0.06967418546365917,0.21859296482412072,0.5012594458438284,1,0,0,1,0,0,0
0.7142857142857144,0.8403361344537814,0.6666666666666667,1.0,0.041666666666666664,0.9040767386091126,0.33283208020050126,0.3894472361809045,0.4055415617128466,0,0,1,1,0,0,0
0.2857142857142856,0.39495798319327724,0.7666666666666666,0.8,0.7833333333333333,0.30791366906474815,0.12731829573934839,0.1959798994974875,0.5138539042821157,0,1,0,0,0,0,1
0.1428571428571428,0.6134453781512605,0.36666666666666664,0.4,0.7416666666666667,0.17314148681055158,0.6195488721804512,0.11306532663316582,0.19647355163727953,0,1,0,0,0,1,0
0.0,0.38655462184873945,0.1333333333333333,0.4,0.8666666666666667,0.49592326139088727,0.9228070175438599,0.8140703517587942,0.035264483627204024,0,1,0,0,0,0,1
0.0,0.42016806722689065,0.8333333333333333,0.4,0.08333333333333333,0.4767386091127098,0.6210526315789473,0.9371859296482414,0.2795969773299751,0,1,0,1,0,0,0
0.4285714285714288,0.32773109243697474,0.5666666666666667,1.0,0.35,0.5362110311750599,0.6862155388471178,0.5226130653266332,0.47103274559193964,0,0,1,1,0,0,0
0.4285714285714288,0.09243697478991596,0.23333333333333334,1.0,0.5666666666666667,0.4565947242206234,0.524812030075188,0.2788944723618092,0.6523929471032741,1,0,0,1,0,0,0
1.0,0.42016806722689065,0.23333333333333334,0.6000000000000001,0.14166666666666666,0.653717026378897,0.2165413533834587,0.025125628140703515,0.11335012594458438,0,0,1,0,0,1,0
0.0,0.8067226890756302,0.26666666666666666,1.0,0.4583333333333333,0.7976019184652279,0.2165413533834587,0.7738693467336684,0.3778337531486142,1,0,0,0,1,0,0
0.7142857142857144,0.46218487394957974,0.06666666666666665,0.0,0.6833333333333333,0.9079136690647482,0.9097744360902256,0.8316582914572863,0.8589420654911837,0,1,0,1,0,0,0
0.0,0.39495798319327724,0.7333333333333334,1.0,0.13333333333333333,0.5453237410071942,0.24661654135338346,0.7336683417085426,0.6801007556675065,0,0,1,0,1,0,0
1.0,0.49579831932773105,0.8333333333333333,1.0,0.825,0.290167865707434,0.986466165413534,0.9648241206030148,0.4760705289672542,0,1,0,0,0,1,0
0.4285714285714288,0.7815126050420168,0.8,0.8,0.9,0.8460431654676258,0.5694235588972432,0.2663316582914572,0.8136020151133498,0,0,1,0,1,0,0
1.0,0.38655462184873945,0.49999999999999994,0.2,0.55,0.3952038369304557,0.8857142857142857,0.537688442211055,0.02518891687657443,0,1,0,1,0,0,0
0.0,0.9915966386554622,0.9666666666666666,0.4,0.14166666666666666,0.43980815347721824,0.5348370927318296,0.08291457286432169,0.7833753148614611,0,1,0,1,0,0,0
0.1428571428571428,0.18487394957983191,0.5333333333333334,0.2,0.725,0.8014388489208633,0.08671679197994989,0.3216080402010051,0.5843828715365238,1,0,0,0,0,1,0
0.2857142857142856,0.06722689075630252,0.9333333333333333,1.0,0.9,0.32086330935251794,0.6406015037593986,0.3442211055276383,0.7002518891687657,1,0,0,1,0,0,0
0.7142857142857144,0.14285714285714285,0.36666666666666664,0.0,0.7916666666666666,0.035491606714628296,0.16942355889724314,0.17085427135678377,0.07556675062972307,0,0,1,0,1,0,0
0.0,0.21008403361344538,0.8666666666666667,0.0,0.8916666666666666,0.7194244604316545,0.2065162907268171,0.6407035175879396,0.2846347607052897,0,0,1,1,0,0,0
1.0,0.6554621848739496,0.5999999999999999,1.0,0.058333333333333334,0.5937649880095923,0.1924812030075188,0.7688442211055277,0.8866498740554152,0,1,0,1,0,0,0
0.7142857142857144,0.6470588235294117,0.9000000000000001,0.0,0.48333333333333334,0.9616306954436451,0.6917293233082706,0.4170854271356783,0.39798488664987386,1,0,0,0,1,0,0
1.0,0.0,0.6666666666666667,1.0,0.7666666666666666,0.7069544364508393,0.37042606516290727,0.2361809045226131,0.3073047858942066,0,0,1,0,0,0,1
0.4285714285714288,0.22689075630252098,0.03333333333333338,0.6000000000000001,0.39166666666666666,0.3342925659472422,0.03358395989974941,0.025125628140703515,0.035264483627204024,0,1,0,0,0,1,0
0.0,0.15966386554621848,0.5333333333333334,0.2,0.08333333333333333,0.011990407673860906,0.8045112781954888,0.7386934673366834,0.06549118387909325,0,1,0,1,0,0,0
0.7142857142857144,0.1680672268907563,1.0,0.4,0.35,0.7486810551558754,0.45213032581453644,0.26884422110552775,0.2821158690176324,1,0,0,0,0,0,1
0.1428571428571428,0.47899159663865537,0.5333333333333334,0.2,0.18333333333333332,0.8124700239808152,0.4691729323308271,0.23366834170854256,0.5843828715365238,0,0,1,0,1,0,0
0.1428571428571428,0.5546218487394958,0.9666666666666666,1.0,0.775,0.629736211031175,0.9754385964912282,0.791457286432161,0.5642317380352642,0,1,0,0,0,0,1
1.0,0.0,0.3333333333333333,0.0,1.0,0.6393285371702637,0.8832080200501256,0.8115577889447239,0.521410579345088,1,0,0,1,0,0,0
0.2857142857142856,0.9579831932773109,0.8,0.8,0.49166666666666664,0.9103117505995203,0.7448621553884713,0.7412060301507537,0.12090680100755669,0,0,1,0,0,1,0
0.5714285714285716,0.6470588235294117,0.6666666666666667,0.2,0.9,0.4513189448441247,0.4411027568922306,0.1507537688442211,0.7556675062972291,0,1,0,0,1,0,0
0.8571428571428572,0.6554621848739496,0.8,0.4,0.30833333333333335,0.6273381294964029,0.10025062656641606,0.6055276381909547,0.010075566750629594,0,0,1,0,1,0,0
1.0,0.7394957983193278,0.8333333333333333,0.2,0.7416666666666667,0.9328537170263789,0.5789473684210527,0.6783919597989949,0.21662468513853894,1,0,0,0,1,0,0
0.8571428571428572,0.26890756302521,0.5666666666666667,1.0,0.975,0.879136690647482,0.7483709273182959,0.15326633165829162,0.25188916876574274,0,1,0,0,0,0,1
0.0,0.36974789915966383,0.23333333333333334,0.6000000000000001,0.0,0.05659472422062349,0.8932330827067672,0.03266331658291444,0.10579345088161207,0,1,0,0,0,0,1
0.2857142857142856,0.4033613445378151,0.6666666666666667,1.0,0.625,0.9875299760191847,0.9984962406015039,0.6834170854271355,0.17632241813602012,1,0,0,0,0,0,1
0.5714285714285716,0.45378151260504196,0.4666666666666666,0.0,0.025,0.6455635491606714,0.8641604010025064,0.3266331658291457,0.17128463476070532,0,0,1,1,0,0,0
0.1428571428571428,0.6386554621848739,0.26666666666666666,0.8,0.9583333333333334,0.708872901678657,0.21754385964912282,0.46482412060301503,0.027707808564231717,0,0,1,0,0,1,0
0.8571428571428572,0.14285714285714285,0.5666666666666667,1.0,0.7666666666666666,0.347242206235012,0.13834586466165413,0.6331658291457285,0.11586901763224189,0,1,0,1,0,0,0
0.2857142857142856,0.6302521008403361,0.03333333333333338,0.6000000000000001,0.55,0.9577937649880095,0.8020050125313285,0.9597989949748742,0.5113350125944585,1,0,0,0,1,0,0
0.7142857142857144,0.42016806722689065,0.8,0.6000000000000001,0.26666666666666666,0.6973621103117505,0.9002506265664163,0.7110552763819096,0.38287153652392925,1,0,0,0,1,0,0
0.8571428571428572,0.9747899159663864,0.2,1.0,0.65,0.07146282973621101,0.7192982456140351,0.18090452261306522,0.5818639798488665,1,0,0,0,0,0,1
0.8571428571428572,0.10084033613445378,0.8333333333333333,0.6000000000000001,0.8083333333333333,0.1645083932853717,0.1679197994987469,0.7361809045226129,0.4433249370277077,1,0,0,1,0,0,0
0.4285714285714288,0.9327731092436974,0.1333333333333333,0.4,0.9833333333333333,0.9577937649880095,0.9077694235588973,0.824120603015075,0.6246851385390426,0,1,0,1,0,0,0
0.4285714285714288,0.06722689075630252,0.03333333333333338,0.0,0.3333333333333333,0.9040767386091126,0.6355889724310777,0.4396984924623115,0.35012594458438273,0,1,0,0,0,1,0
1.0,0.5042016806722689,0.3,1.0,0.4166666666666667,0.20335731414868105,0.7037593984962407,0.6633165829145726,0.48866498740554154,0,0,1,0,0,0,1
0.7142857142857144,0.5462184873949579,0.4333333333333333,0.0,0.375,0.2810551558752997,0.6812030075187971,0.6281407035175879,0.44080604534004997,1,0,0,1,0,0,0
0.8571428571428572,0.6722689075630252,0.8,0.4,0.9166666666666666,0.9333333333333332,0.8015037593984964,0.5904522613065326,0.6926952141057934,0,1,0,0,1,0,0
0.4285714285714288,0.22689075630252098,0.49999999999999994,1.0,0.35833333333333334,0.3817745803357314,0.9764411027568924,0.29396984924623104,0.7279596977329972,0,1,0,1,0,0,0
0.5714285714285716,0.6470588235294117,0.4000000000000001,0.8,0.23333333333333334,0.0474820143884892,0.7644110275689224,0.27386934673366836,0.7455919395465995,1,0,0,1,0,0,0
0.8571428571428572,0.17647058823529413,0.23333333333333334,0.4,0.11666666666666667,0.011031175059952034,0.9543859649122808,0.29648241206030135,0.5314861460957181,0,1,0,0,0,1,0
0.4285714285714288,0.7394957983193278,0.9333333333333333,0.6000000000000001,0.2916666666666667,0.3362110311750599,0.2360902255639098,0.6130653266331658,0.6624685138539042,1,0,0,0,0,1,0
0.8571428571428572,0.15966386554621848,0.8,0.0,0.19166666666666665,0.8517985611510791,0.029072681704260667,0.025125628140703515,0.18891687657430722,1,0,0,1,0,0,0
0.2857142857142856,0.5294117647058824,0.7666666666666666,0.8,0.6166666666666667,0.49832134292565944,0.27067669172932335,0.1306532663316582,0.1738035264483626,1,0,0,0,1,0,0
0.7142857142857144,0.3025210084033613,0.26666666666666666,0.2,0.35,0.4882494004796163,0.21804511278195493,0.11557788944723613,0.3123425692695212,0,1,0,0,1,0,0
0.0,0.7142857142857142,0.03333333333333338,0.0,0.075,0.44124700239808146,0.30476190476190484,0.16582914572864316,0.6272040302266999,1,0,0,0,1,0,0
1.0,0.6890756302521008,0.4333333333333333,0.8,0.6166666666666667,0.86378896882494,0.5017543859649123,0.4396984924623115,0.18639798488664971,0,0,1,0,0,1,0
0.4285714285714288,0.8907563025210083,0.49999999999999994,0.4,0.21666666666666667,0.8287769784172662,0.5468671679197996,0.3216080402010051,0.21662468513853894,0,1,0,0,0,0,1
1.0,0.8907563025210083,0.26666666666666666,0.0,0.4666666666666667,0.9880095923261389,0.736842105263158,0.017587939698492594,0.9748110831234256,1,0,0,1,0,0,0
0.2857142857142856,0.3025210084033613,0.9666666666666666,0.0,0.6916666666666667,0.6949640287769784,0.6541353383458648,0.12562814070351758,0.5163727959697735,0,1,0,0,0,0,1
0.5714285714285716,0.2184873949579832,0.8333333333333333,0.4,0.7833333333333333,0.22110311750599523,0.23007518796992482,0.5829145728643217,0.3249370277078085,0,1,0,0,0,1,0
1.0,0.008403361344537815,0.06666666666666665,0.2,0.875,0.9980815347721823,0.26566416040100255,0.7085427135678393,0.2544080604534005,1,0,0,0,0,0,1
0.5714285714285716,0.7647058823529411,0.4000000000000001,0.0,0.5583333333333333,0.21582733812949642,0.6842105263157896,0.11809045226130643,0.9899244332493697,0,1,0,0,0,1,0
0.1428571428571428,0.15966386554621848,0.0,0.4,0.6916666666666667,0.21390887290167868,0.9082706766917295,0.8266331658291453,0.5743073047858942,0,0,1,0,0,1,0
0.7142857142857144,0.5126050420168067,0.49999999999999994,1.0,0.008333333333333333,0.7764988009592325,0.24812030075187974,0.37688442211055273,0.9294710327455922,1,0,0,0,1,0,0
0.8571428571428572,0.9915966386554622,0.5333333333333334,1.0,0.7416666666666667,0.4369304556354916,0.05363408521303262,0.9170854271356785,0.32241813602015124,0,0,1,1,0,0,0
0.0,0.4453781512605042,0.7333333333333334,0.6000000000000001,0.8916666666666666,0.3597122302158273,0.805012531328321,0.942211055276382,0.4282115869017631,0,1,0,0,0,0,1
0.0,0.4453781512605042,0.4333333333333333,0.8,0.725,0.4258992805755396,0.8491228070175438,0.5477386934673365,0.19899244332493682,0,0,1,0,0,0,1
0.4285714285714288,0.6638655462184874,0.7333333333333334,0.8,0.125,0.48537170263788965,0.21704260651629076,0.4522613065326633,0.35768261964735504,1,0,0,1,0,0,0
0.4285714285714288,0.9243697478991596,0.7333333333333334,1.0,0.35833333333333334,0.47961630695443647,0.0030075187969924866,0.9170854271356785,0.10831234256926958,0,0,1,1,0,0,0
0.2857142857142856,0.5126050420168067,0.6333333333333333,1.0,0.36666666666666664,0.06139088729016785,0.7002506265664161,0.3090452261306533,0.3123425692695212,0,1,0,1,0,0,0
0.1428571428571428,0.3109243697478991,0.7,1.0,0.3,0.4282973621103118,0.7844611528822056,0.09045226130653283,0.23677581863979857,1,0,0,0,1,0,0
0.1428571428571428,0.6806722689075629,0.3333333333333333,0.6000000000000001,0.36666666666666664,0.6508393285371703,0.16340852130325817,0.6206030150753767,0.5919395465994961,0,0,1,0,1,0,0
0.0,0.03361344537815126,0.8333333333333333,0.0,0.1,0.8642685851318945,0.6736842105263159,0.8417085427135675,0.04534005037783384,1,0,0,0,1,0,0
0.0,0.2184873949579832,0.16666666666666669,0.8,0.95,0.17985611510791366,0.0005012531328320996,0.635678391959799,0.40050377833753115,0,0,1,1,0,0,0
0.7142857142857144,0.20168067226890754,0.6666666666666667,0.8,0.775,0.9261390887290167,0.5644110275689225,0.015075376884422065,0.4861460957178838,1,0,0,0,0,0,1
0.0,0.050420168067226885,0.8333333333333333,1.0,0.175,0.39952038369304554,0.7167919799498748,0.46984924623115587,0.40302267002518843,1,0,0,0,0,0,1
0.8571428571428572,0.9327731092436974,0.23333333333333334,0.6000000000000001,0.21666666666666667,0.22541966426858515,0.5383458646616541,0.9924623115577886,0.8035264483627202,1,0,0,1,0,0,0
0.7142857142857144,0.34453781512605036,0.0,0.2,0.7083333333333334,0.00767386091127098,0.006015037593984973,0.8768844221105527,0.1662468513853903,1,0,0,0,0,1,0
0.0,1.0,0.5666666666666667,0.4,0.225,0.13333333333333333,0.6947368421052633,0.5251256281407035,0.057934508816120944,0,0,1,0,0,0,1
0.4285714285714288,0.17647058823529413,0.6333333333333333,0.0,0.05,0.13381294964028778,0.11879699248120304,0.6783919597989949,0.18639798488664971,1,0,0,0,0,1,0
0.2857142857142856,0.865546218487395,0.16666666666666669,0.2,0.2583333333333333,0.22446043165467625,0.4456140350877193,0.3090452261306533,0.9471032745591936,0,0,1,0,0,1,0
0.5714285714285716,0.6554621848739496,0.8,0.4,0.23333333333333334,0.05659472422062349,0.6636591478696743,0.1959798994974875,0.544080604534005,1,0,0,0,1,0,0
0.7142857142857144,0.9159663865546218,0.36666666666666664,0.6000000000000001,0.075,0.6249400479616306,0.1067669172932331,0.8643216080402008,0.8463476070528968,0,0,1,1,0,0,0
0.2857142857142856,0.6134453781512605,0.3333333333333333,0.8,0.7166666666666667,0.8968824940047961,0.8887218045112784,0.0678391959798994,0.005037783375314797,1,0,0,0,0,1,0
0.0,0.5462184873949579,0.7666666666666666,0.6000000000000001,0.8166666666666667,0.004316546762589919,0.906265664160401,0.9070351758793969,0.8539042821158691,0,0,1,1,0,0,0
0.8571428571428572,0.6890756302521008,0.7333333333333334,0.4,0.2916666666666667,0.046522781774580316,0.38195488721804516,0.891959798994975,0.3098236775818639,1,0,0,0,0,0,1
0.0,0.9747899159663864,0.8666666666666667,0.6000000000000001,0.3333333333333333,0.05515587529976018,0.32230576441102765,0.9221105527638191,0.8589420654911837,0,0,1,1,0,0,0
1.0,0.2352941176470588,0.7666666666666666,0.0,0.5833333333333334,0.043165467625899276,0.9067669172932333,0.3517587939698492,0.05037783375314864,0,1,0,0,1,0,0
0.2857142857142856,0.34453781512605036,0.49999999999999994,0.4,0.575,0.7755395683453237,0.4686716791979951,0.8442211055276378,0.6347607052896722,0,0,1,0,0,1,0
0.5714285714285716,0.5126050420168067,0.2,0.4,0.9916666666666667,0.47625899280575534,0.7017543859649125,0.9572864321608039,0.37279596977329965,0,0,1,1,0,0,0
0.7142857142857144,0.8823529411764706,0.1333333333333333,0.0,0.6583333333333333,0.25659472422062346,0.15588972431077697,0.007537688442211143,0.39042821158690155,1,0,0,0,0,0,1
1.0,0.34453781512605036,0.1333333333333333,0.0,0.016666666666666666,0.6095923261390886,0.7233082706766918,0.11809045226130643,0.40050377833753115,1,0,0,1,0,0,0
0.0,0.058823529411764705,0.8,0.0,0.48333333333333334,0.2618705035971223,0.40451127819548877,0.3693467336683416,0.38035264483627196,0,1,0,0,1,0,0
0.0,0.08403361344537816,0.8666666666666667,0.4,0.575,0.6369304556354916,0.3959899749373434,0.3216080402010051,0.7254408060453399,0,1,0,0,1,0,0
0.0,0.10084033613445378,0.3333333333333333,0.4,0.85,0.7520383693045564,0.20802005012531333,0.27638190954773867,0.7178841309823676,1,0,0,1,0,0,0
0.0,0.34453781512605036,0.9333333333333333,0.6000000000000001,0.4666666666666667,0.2143884892086331,0.405513784461153,0.7135678391959799,0.07556675062972307,1,0,0,0,0,0,1
0.7142857142857144,0.03361344537815126,0.26666666666666666,0.2,0.19166666666666665,0.415347721822542,0.5839598997493736,0.537688442211055,0.6498740554156168,1,0,0,0,1,0,0
0.2857142857142856,0.07563025210084033,1.0,1.0,0.4166666666666667,0.576978417266187,0.5288220551378446,0.7638190954773867,0.609571788413098,1,0,0,1,0,0,0
0.4285714285714288,0.5966386554621849,0.6666666666666667,1.0,0.1,0.2940047961630695,0.7107769423558898,0.6407035175879396,0.2695214105793451,0,1,0,1,0,0,0
0.4285714285714288,0.5966386554621849,0.49999999999999994,0.6000000000000001,0.6083333333333333,0.021103117505995195,0.49172932330827074,0.7261306532663314,0.11838790931989918,0,1,0,0,1,0,0
0.1428571428571428,0.47899159663865537,0.4333333333333333,0.4,0.9333333333333333,0.6043165467625898,0.19498746867167926,0.03015075376884435,0.11586901763224189,0,1,0,0,0,1,0
0.0,0.04201680672268907,0.5999999999999999,1.0,0.6333333333333333,0.8925659472422063,0.7348370927318297,0.0678391959798994,0.385390428211587,0,1,0,1,0,0,0
0.4285714285714288,0.3025210084033613,0.8333333333333333,0.4,0.5833333333333334,0.7227817745803357,0.33182957393483714,0.9849246231155777,0.24937027707808546,1,0,0,0,0,1,0
0.1428571428571428,0.49579831932773105,0.10000000000000003,1.0,0.7333333333333333,0.6215827338129496,0.43308270676691735,0.3266331658291457,0.4282115869017631,1,0,0,1,0,0,0
0.1428571428571428,0.7058823529411764,0.8,0.2,0.8416666666666667,0.3688249400479616,0.6827067669172933,0.9221105527638191,0.4105793450881612,0,1,0,0,0,0,1
0.8571428571428572,0.4453781512605042,1.0,0.8,0.09166666666666666,0.21103117505995203,0.28822055137844615,0.1959798994974875,0.5239294710327453,1,0,0,0,1,0,0
0.0,0.28571428571428564,0.26666666666666666,0.6000000000000001,0.3833333333333333,0.9712230215827338,0.7984962406015039,0.8693467336683418,0.7934508816120907,1,0,0,1,0,0,0
0.8571428571428572,0.19327731092436973,0.1333333333333333,0.2,0.7166666666666667,0.4786570743405276,0.843609022556391,0.7889447236180906,0.4433249370277077,1,0,0,1,0,0,0
1.0,0.5210084033613445,0.9000000000000001,0.6000000000000001,0.15,0.004316546762589919,0.34536340852130326,0.37939698492462304,0.287153652392947,0,1,0,0,0,1,0
0.1428571428571428,0.09243697478991596,0.06666666666666665,0.6000000000000001,0.20833333333333334,0.5649880095923261,0.6616541353383458,0.06030150753768848,0.7909319899244329,1,0,0,0,0,0,1
0.8571428571428572,0.8403361344537814,0.5333333333333334,0.0,0.225,0.6239808153477218,0.2416040100250627,0.243718592964824,0.5138539042821157,1,0,0,1,0,0,0
1.0,0.48739495798319327,0.4333333333333333,0.0,0.75,0.7059952038369305,0.5323308270676692,0.6909547738693467,0.7581863979848864,1,0,0,0,0,1,0
0.4285714285714288,0.9327731092436974,0.4000000000000001,0.0,0.275,0.5342925659472422,0.09624060150375943,0.9321608040201008,0.7153652392947099,0,1,0,0,1,0,0
0.1428571428571428,0.058823529411764705,0.4333333333333333,1.0,0.43333333333333335,0.4426858513189449,0.3037593984962406,0.13316582914572872,0.18387909319899243,0,0,1,1,0,0,0
0.2857142857142856,0.8487394957983192,0.9666666666666666,0.4,0.44166666666666665,0.32422062350119907,0.44411027568922307,0.0879396984924623,0.40050377833753115,0,1,0,0,1,0,0
0.2857142857142856,0.6638655462184874,0.2,0.8,0.6666666666666666,0.6892086330935251,0.3954887218045113,0.6658291457286432,0.5062972292191434,0,0,1,1,0,0,0
0.2857142857142856,0.6638655462184874,0.9333333333333333,0.8,0.03333333333333333,0.5865707434052758,0.05062656641604013,0.635678391959799,0.02267002518891692,0,0,1,0,1,0,0
0.5714285714285716,0.2521008403361344,0.10000000000000003,0.2,0.5666666666666667,0.7947242206235011,0.00751879699248123,0.7939698492462313,0.48110831234256923,0,1,0,0,0,1,0
0.2857142857142856,0.9663865546218486,0.7333333333333334,0.8,0.13333333333333333,0.012949640287769779,0.4802005012531329,0.27135678391959805,0.5869017632241811,1,0,0,0,1,0,0
0.5714285714285716,0.7058823529411764,0.8333333333333333,0.8,0.45,0.05179856115107914,0.09523809523809526,0.2361809045226131,0.005037783375314797,1,0,0,0,0,0,1
0.0,0.6050420168067226,0.5666666666666667,0.8,0.9916666666666667,0.8340527577937649,0.8887218045112784,0.4974874371859297,0.9294710327455922,1,0,0,0,0,1,0
0.4285714285714288,0.6050420168067226,0.8,0.8,0.6416666666666666,0.30263788968824934,0.5348370927318296,0.07035175879396993,0.032745591939546737,0,1,0,0,0,1,0
0.1428571428571428,0.6638655462184874,0.5999999999999999,0.8,0.09166666666666666,0.2920863309352518,0.6165413533834587,0.9723618090452257,0.5818639798488665,1,0,0,0,0,1,0
0.7142857142857144,0.2521008403361344,0.6333333333333333,0.0,0.7666666666666666,0.26426858513189444,0.6020050125313283,0.8668341708542711,0.5012594458438284,1,0,0,0,1,0,0
0.5714285714285716,0.3781512605042016,0.4000000000000001,0.0,0.625,0.8580335731414868,0.08170426065162911,0.4798994974874371,0.5088161209068007,1,0,0,0,0,0,1
0.1428571428571428,0.865546218487395,0.3,0.4,0.35833333333333334,0.5669064748201439,0.9233082706766917,0.7562814070351758,0.9521410579345087,1,0,0,0,0,1,0
0.5714285714285716,0.6890756302521008,0.7666666666666666,0.0,0.7333333333333333,0.3424460431654677,0.9814536340852131,0.8090452261306535,0.4735516372795969,0,0,1,1,0,0,0
0.7142857142857144,0.5042016806722689,0.0,0.6000000000000001,0.041666666666666664,0.6973621103117505,0.11328320802005012,0.2864321608040199,0.4433249370277077,0,1,0,0,0,0,1
0.8571428571428572,0.6470588235294117,0.2,0.4,0.5416666666666666,0.7218225419664268,0.5162907268170427,0.5251256281407035,0.6171284634760708,0,1,0,0,0,1,0
0.4285714285714288,0.6722689075630252,0.4333333333333333,1.0,0.8583333333333333,0.13621103117505995,0.9473684210526316,0.6155778894472361,0.6020151133501257,1,0,0,0,1,0,0
0.0,0.8151260504201681,0.2,0.8,0.6166666666666667,0.04796163069544364,0.6350877192982458,0.5753768844221105,0.6120906801007553,0,1,0,1,0,0,0
1.0,0.5714285714285714,0.8,0.0,0.16666666666666666,0.2235011990407674,0.5779448621553884,0.9095477386934672,0.20654911838790935,1,0,0,0,0,1,0
0.0,0.20168067226890754,0.9000000000000001,0.8,0.30833333333333335,0.886810551558753,0.6390977443609023,0.7412060301507537,0.9118387909319898,0,0,1,1,0,0,0
0.8571428571428572,0.73109243697479,0.5999999999999999,0.6000000000000001,0.8166666666666667,0.5601918465227818,0.9388471177944864,0.7763819095477387,0.9999999999999998,0,1,0,0,0,0,1
0.2857142857142856,0.9831932773109244,0.8666666666666667,0.6000000000000001,0.9916666666666667,0.6503597122302158,0.7213032581453636,0.8216080402010046,0.6297229219143576,0,0,1,0,0,0,1
0.1428571428571428,0.09243697478991596,0.5333333333333334,0.0,0.7166666666666667,0.3405275779376499,0.675187969924812,0.37688442211055273,0.455919395465995,0,0,1,1,0,0,0
0.0,0.15966386554621848,0.5666666666666667,0.6000000000000001,0.5333333333333333,0.13908872901678657,0.7137844611528823,0.7814070351758793,0.06801007556675054,0,1,0,0,1,0,0
0.8571428571428572,0.26050420168067223,1.0,0.4,0.975,0.02925659472422061,0.8922305764411029,0.7613065326633164,0.39546599496221657,0,0,1,1,0,0,0
0.5714285714285716,0.20168067226890754,0.3,0.2,0.625,0.18465227817745802,0.05463659147869676,0.9899497487437183,0.22921914357682605,1,0,0,1,0,0,0
0.4285714285714288,0.9663865546218486,0.5333333333333334,0.0,0.5583333333333333,0.06954436450839327,0.33182957393483714,1.0,0.8136020151133498,0,1,0,0,0,1,0
0.2857142857142856,0.7899159663865546,0.23333333333333334,0.8,0.7666666666666666,0.3726618705035971,0.6150375939849624,0.7964824120603016,0.4483627204030227,0,1,0,0,1,0,0
0.8571428571428572,0.773109243697479,0.3,0.8,0.9166666666666666,0.7836930455635492,0.3197994987468672,0.4849246231155777,0.9471032745591936,0,1,0,0,1,0,0
0.4285714285714288,0.7394957983193278,0.5666666666666667,0.6000000000000001,0.44166666666666665,0.41390887290167866,0.7037593984962407,0.5402010050251256,0.9647355163727955,0,0,1,0,1,0,0
0.8571428571428572,0.6638655462184874,0.6666666666666667,1.0,0.075,0.924220623501199,0.7398496240601504,0.22613065326633164,0.1335012594458438,0,0,1,0,1,0,0
0.4285714285714288,0.34453781512605036,0.06666666666666665,0.6000000000000001,0.058333333333333334,0.29160671462829735,0.3533834586466166,0.31155778894472363,0.1335012594458438,0,1,0,0,0,1,0
1.0,0.07563025210084033,0.26666666666666666,0.4,0.9333333333333333,0.14436450839328535,0.008521303258145388,0.9371859296482414,0.44080604534004997,0,0,1,0,0,1,0
0.7142857142857144,0.8991596638655462,0.9000000000000001,0.2,0.4666666666666667,0.39616306954436453,0.6526315789473685,0.243718592964824,0.08060453400503764,1,0,0,0,0,1,0
0.2857142857142856,0.42857142857142855,0.8333333333333333,0.2,0.4083333333333333,0.547242206235012,0.3007518796992482,0.7336683417085426,0.3929471032745593,1,0,0,0,0,0,1
